筛,715
五,714
围,714
款,719
娶,715
盖,713
剩,715
耶,713
琐,709
吼,716
岩,714
醒,715
闽,716
尉,709
旦,715
杀,716
衡,718
打,713
脑,716
殷,714
环,717
发,715
眺,715
邯,717
辉,712
蜜,717
必,717
巡,716
悍,716
茧,713
郊,715
冷,716
肝,717
云,718
匪,715
饵,717
寺,715
砍,714
龙,716
脱,716
怠,713
机,718
县,713
蓄,713
疏,716
梨,718
缎,706
渍,715
粘,719
遵,712
盐,716
辊,300
吗,715
甥,713
秃,712
撂,713
灌,717
惩,715
墒,716
萄,708
厦,717
嘻,714
邱,719
恳,713
痔,710
铀,717
牧,716
烟,718
恰,709
瀑,710
贝,717
少,717
瞪,711
予,717
猎,714
峰,717
叫,718
警,716
眯,717
似,713
湘,718
峦,708
刚,717
炭,713
巴,715
棱,716
瞅,716
甄,718
侣,717
冬,714
团,711
左,718
鞋,710
颐,713
哼,667
裹,716
蘑,709
缅,713
釜,706
徒,715
镊,300
剪,715
赖,713
碧,716
艾,715
褂,714
态,714
邓,716
它,715
蛙,717
花,716
孝,712
言,718
波,718
跺,713
眠,718
钱,718
玛,712
壮,715
续,717
世,718
席,716
臆,715
劝,715
底,714
砌,719
龟,694
锭,717
从,713
慨,698
臣,716
患,714
樟,717
因,718
缀,716
钙,715
镍,710
缘,717
戳,717
枫,715
鼠,716
易,711
仙,717
考,717
留,715
垮,717
牡,710
舞,715
郴,713
个,718
砾,715
卑,720
咨,717
浅,717
坑,715
颇,708
赎,717
苞,718
襟,715
妨,712
涌,715
墓,715
舱,716
毡,715
得,712
级,718
柿,716
徘,717
傀,714
更,718
侵,717
谨,718
目,716
冲,718
筐,717
浸,718
廊,713
班,718
埋,715
布,718
膳,713
乌,716
犁,712
瘸,715
舔,709
仅,719
宫,716
豺,714
尝,717
婿,714
袭,719
汤,712
勾,717
敦,712
吁,716
淳,717
昂,715
低,713
沾,719
绸,718
味,719
兢,716
源,719
纹,714
妈,713
疤,717
桥,717
白,717
祥,716
蹿,716
玫,714
愤,714
踏,710
串,715
聘,710
邦,716
棚,718
碑,712
佣,717
彰,715
独,714
觅,715
侦,717
漠,715
凌,714
出,717
温,719
谁,715
妇,715
瘟,716
唁,709
吹,715
施,714
呛,716
继,715
屑,717
矽,298
丈,716
传,714
均,714
峭,718
颜,717
获,716
腕,717
镁,714
梅,716
诬,715
搽,704
鸟,715
隋,710
为,711
奏,713
镑,715
钦,717
炉,715
毗,714
常,718
灭,715
邢,712
民,716
擎,719
又,719
酿,717
铸,714
啃,718
司,716
掠,715
顽,713
到,712
密,713
附,717
津,713
滥,716
措,716
儡,718
晒,713
多,715
油,717
表,716
伞,716
匡,718
舅,718
阅,719
新,717
扶,717
宋,715
粱,715
侨,719
远,718
会,716
唬,717
锻,708
逐,715
愚,716
毙,717
坪,713
筏,714
场,715
搂,715
酗,717
屹,711
磅,715
獭,715
荒,716
备,719
懦,714
降,711
辐,716
痰,712
伦,718
虎,715
闯,718
税,714
硝,716
郎,715
舷,715
瓷,718
遗,712
素,712
彼,717
捻,717
避,718
摈,716
夕,715
拙,717
灶,717
这,711
眶,715
寿,719
仿,714
戮,715
踢,711
札,716
坝,716
撼,717
古,716
囱,715
歹,714
燎,714
京,719
嗽,711
刹,718
隔,715
博,713
腺,717
逸,712
寻,717
松,717
惋,713
陷,713
辱,720
穴,717
我,718
副,715
判,715
菌,717
蜂,713
威,717
脓,713
纫,715
宏,717
敬,717
惶,715
蚂,714
苯,715
韧,715
镭,713
旱,717
袖,716
郁,718
灾,715
竭,715
铺,718
烽,716
庭,708
吩,715
财,718
守,717
抄,717
爵,715
宙,717
皮,716
斤,715
艳,710
馁,712
水,716
栗,716
红,719
焚,711
耕,718
迈,717
绊,714
采,716
盘,715
驯,717
厘,713
桩,715
汁,716
锣,715
急,716
狙,714
减,715
孔,717
档,716
噪,715
麦,708
看,720
甩,714
蔫,708
姑,717
挖,703
蚜,715
缄,714
烩,299
移,718
摆,716
洛,716
沛,712
壕,714
榜,712
糠,711
壤,717
吓,714
跟,715
浮,714
滇,715
翌,714
窑,716
宗,719
检,714
躬,717
讳,713
滤,714
酪,707
瞬,712
夫,714
蓖,718
粤,713
钥,718
曙,715
针,716
氨,714
探,708
侄,715
碌,716
疥,714
哄,717
服,717
陌,716
巫,712
轩,712
赡,715
动,715
工,715
靡,715
猾,715
穗,714
掺,715
要,717
瑶,713
芦,715
圃,708
炙,716
挑,712
罚,714
削,717
坤,718
恩,715
酒,719
建,715
迹,714
成,717
携,714
汲,714
包,717
住,715
禾,716
惑,713
割,717
英,717
攀,714
敖,715
愉,715
皱,714
桅,715
屠,716
涵,716
晶,718
汀,715
垦,716
逾,717
茎,719
抉,715
如,717
殴,712
蔗,711
箕,713
拖,713
菲,717
迁,716
拾,717
抑,708
圈,713
挛,714
翁,720
敢,716
拈,717
壳,718
戍,716
擒,717
翰,710
声,718
畸,713
厢,713
勒,718
糯,717
脂,718
撵,712
观,714
炸,715
驾,709
呕,715
翟,717
碾,717
泰,711
岳,719
稗,718
踊,718
放,710
醚,716
塌,713
乱,717
俏,718
骂,716
蒂,708
绢,713
忽,718
述,715
阑,713
支,712
株,715
谎,710
搪,709
燕,717
荤,714
雍,712
蒲,710
廓,716
谆,717
呻,715
猜,709
委,715
陈,700
却,716
尊,713
董,710
药,713
坟,716
卤,713
贸,718
淌,713
昔,718
芜,719
示,718
凋,712
吧,717
择,718
播,717
撕,713
菏,716
谭,708
违,715
翅,712
噬,716
狰,716
侗,707
悄,715
壹,709
钡,716
坏,720
夯,718
菊,718
笋,712
缝,714
里,716
戌,713
抵,713
惹,719
押,714
井,716
疼,711
杰,715
元,720
乃,712
己,715
荚,714
盼,717
废,717
吝,715
醇,716
曰,719
蔼,715
脸,715
推,714
湍,713
哑,715
殿,713
喝,716
泻,712
果,715
芽,714
富,716
小,715
瓶,716
扒,716
辰,717
践,714
解,716
恍,716
念,717
坚,713
飞,716
灸,711
砷,718
引,718
稼,711
一,717
鸦,715
芹,719
特,710
胺,713
鱼,717
骄,716
就,715
拨,718
睛,717
诧,711
已,717
徊,717
杯,715
剥,717
扮,715
背,717
碴,716
阁,715
阳,717
千,716
自,715
景,715
畜,716
很,718
策,719
烁,715
软,719
田,715
么,712
镣,710
程,718
配,717
稠,715
译,716
罪,713
枯,714
篓,713
售,717
十,718
队,714
溉,713
藏,718
昨,715
区,719
缮,715
挣,717
评,715
躯,719
秽,710
氦,714
染,717
斥,718
芒,715
釉,714
荡,717
椽,714
衰,714
绷,718
廉,713
轨,714
蹲,714
蒙,717
迂,715
职,718
睁,717
谢,714
城,716
趾,711
芋,716
忆,717
慢,715
暮,714
趁,715
证,716
战,717
肌,714
选,715
省,718
唯,718
主,713
仕,713
胶,716
户,717
换,717
茸,719
晌,718
便,716
添,711
资,714
阵,715
旧,715
音,718
蛀,712
惰,716
功,715
式,711
奸,714
匹,715
础,718
麓,712
赤,715
巷,715
坊,716
腋,714
超,718
撇,717
奋,718
啊,716
摊,712
涩,709
照,717
八,717
阿,714
了,716
勃,716
具,717
挨,716
赁,706
嘿,715
隧,712
荷,717
侠,718
戏,713
姐,715
蹄,712
燥,715
贡,717
蠕,717
睬,716
逛,713
焙,718
焰,713
趋,716
稿,713
高,717
末,712
盟,714
广,716
蒋,716
唐,712
防,713
闺,712
荫,714
堡,716
衣,717
熊,715
谜,716
磐,714
卧,718
琼,716
吞,715
句,718
代,712
列,716
剔,715
所,715
潞,714
痴,718
东,717
清,719
垄,715
劣,717
箭,714
枕,715
咏,718
王,720
阔,719
芬,717
别,716
鳃,716
掂,710
拆,717
洋,717
帮,714
秋,717
桌,716
躁,715
情,717
洪,718
丑,719
症,718
柱,719
无,717
刮,714
冗,717
趴,714
搀,709
泛,714
檀,712
脉,717
旋,717
相,717
农,716
舰,712
喀,719
疙,713
赣,714
电,715
他,712
障,718
赔,716
芭,717
棉,713
滓,704
吐,716
隘,713
弛,678
纱,716
酷,719
灰,715
署,717
托,714
肩,716
干,714
病,716
盲,713
征,717
祖,716
孤,716
幢,716
惠,713
垢,715
陕,715
酮,717
买,715
领,713
垣,721
萍,718
柯,717
增,713
苏,715
默,710
沪,719
符,718
命,716
荆,715
缉,714
憋,714
于,720
馋,715
吱,719
紊,718
氰,716
抨,717
怜,714
雏,717
粒,715
稽,707
悠,717
尹,714
菱,715
肪,708
须,716
掉,716
力,715
靖,718
价,714
终,713
绽,715
若,719
坎,715
咐,718
谩,717
献,718
米,719
邻,717
闭,715
竟,719
砒,714
未,716
番,715
诫,715
郑,715
炽,714
僚,714
肘,717
尸,711
歧,717
色,718
毕,717
倡,713
木,718
踪,717
赃,709
腑,718
严,714
序,717
突,717
毅,715
贴,714
缓,715
否,711
剐,716
侩,710
含,715
俺,715
泉,717
囊,713
屉,712
架,713
闰,719
渤,715
脏,717
泽,714
聂,716
挚,715
悔,715
后,716
橡,715
召,717
盎,715
刀,715
官,718
寸,711
辜,705
原,716
奈,711
瓣,713
诣,710
闲,714
寅,717
倦,719
倚,717
杆,715
贰,676
诅,712
贬,718
蓟,716
弦,717
盂,714
叔,713
袜,708
拱,715
话,717
回,716
合,716
释,718
泪,715
蝉,718
斩,717
起,718
注,715
乍,714
则,716
恭,711
嫂,715
信,715
饮,713
呈,717
箔,715
直,708
嚷,719
铅,716
毖,714
箍,713
口,716
讥,715
还,714
巍,717
阴,715
咬,715
蛆,718
沥,716
赴,715
哎,714
纯,716
夷,710
轮,713
诵,715
股,712
熟,717
格,718
蝶,715
哉,716
织,716
钎,714
试,716
矫,708
浇,715
展,717
洽,714
段,715
辛,717
并,717
尤,713
暗,717
私,713
茨,714
吠,716
欣,709
崖,716
鼻,709
沏,719
妙,715
浩,716
槛,712
怨,717
摇,712
虾,711
牢,713
销,715
爪,707
扼,717
址,718
缚,718
正,719
肇,704
耪,714
凤,714
份,717
膀,718
伙,713
氓,715
椿,716
插,719
拿,715
吟,707
划,715
巢,718
韶,716
粕,713
梧,715
按,716
即,716
辖,715
题,712
甭,714
癌,712
替,715
捶,714
瞻,717
觉,715
娇,717
孩,715
脖,718
惨,719
归,716
帽,718
载,718
子,715
吉,714
肮,712
奇,720
给,708
滋,716
拔,715
恐,717
调,713
外,714
朝,718
舶,719
遍,719
烹,694
分,716
绑,716
篡,709
漾,716
媳,717
污,715
瑰,715
陨,717
惊,718
中,712
榷,717
斌,704
倘,710
疆,715
振,717
递,717
搅,713
扫,715
阉,713
笨,715
辟,715
石,717
豫,713
朋,715
文,715
譬,714
栏,715
澳,715
枷,716
珍,717
甲,708
谅,712
阻,714
峪,717
戈,719
烬,717
羔,712
血,716
知,719
乘,723
双,715
袄,717
淤,712
摄,719
焕,714
之,720
掷,714
女,716
乓,708
上,717
姜,716
艘,716
剂,718
恋,717
晴,718
垂,716
杏,717
疫,716
跃,720
允,718
臃,711
慧,718
百,714
断,711
胳,717
篇,717
憨,716
丙,719
胯,719
盔,717
冰,713
冈,714
绕,717
绅,715
烘,715
步,716
闪,716
谰,714
铜,717
猫,716
案,713
掣,714
讫,716
篙,712
噎,708
斯,716
孽,714
关,717
乖,679
龚,716
抱,719
腻,677
藩,716
翱,709
辗,714
甫,717
幂,716
扣,718
坠,717
巨,715
叙,714
焦,717
速,713
貌,717
订,714
九,718
柄,717
逊,716
仲,715
扩,715
散,717
棺,715
矗,717
椎,716
杨,714
悉,714
甜,714
撬,718
韵,718
鹿,714
焉,714
亭,714
溅,712
湿,716
强,719
亮,717
檄,715
褒,712
火,717
去,716
忻,716
荐,709
掐,714
享,717
诗,718
输,718
铝,716
詹,716
钠,719
淫,696
叛,717
沃,716
忍,717
材,716
积,717
弯,714
括,718
烈,709
蚕,719
取,715
鞭,715
檬,717
珐,298
宦,710
以,713
耿,715
黔,703
擂,717
坛,713
荣,716
养,716
掳,712
澎,715
窖,714
洒,714
芳,715
赊,712
漏,713
兆,713
戴,715
折,718
亡,719
冉,712
数,710
人,717
亚,717
哺,718
练,715
跪,716
畔,718
惦,709
瞒,716
缔,713
陆,716
偷,712
绣,717
剁,715
舍,719
氢,719
永,716
锹,711
望,717
沟,714
堂,710
谦,715
刨,712
浪,713
霞,712
蔓,710
伟,719
繁,713
沸,714
崭,715
涅,716
技,714
锋,712
返,717
霖,715
砰,717
池,717
映,719
保,718
妊,715
怀,713
嘛,712
馏,715
痢,717
癣,714
酞,298
船,717
炼,712
诌,695
鹅,717
廖,709
摸,716
狡,716
赌,716
露,715
豆,716
琢,716
咸,719
苔,711
鳖,715
柜,717
尚,719
截,717
屯,715
钒,713
固,718
学,717
蜒,706
犯,716
挽,716
斧,714
迭,715
垫,714
寄,715
把,716
娃,712
皇,717
匈,715
用,718
首,718
恼,714
忱,712
息,718
窒,714
晕,719
蹬,713
棠,710
凑,713
怕,717
墨,713
毯,713
咖,719
卯,715
矮,711
豹,716
居,718
毋,713
煽,715
站,719
晾,715
皆,717
琴,713
渗,716
佰,717
天,715
糟,717
慕,711
恨,716
域,719
赛,718
泥,715
俯,711
殉,714
糜,716
揪,714
栋,709
遏,711
舒,713
拧,710
邹,715
化,716
曼,715
蛤,712
杂,717
菇,717
牺,714
鸥,716
泅,716
寝,715
昏,717
寓,719
众,716
弄,716
磨,714
疹,717
撅,713
倪,716
潍,711
候,715
泼,716
捌,716
瞎,711
缺,715
胎,712
雨,719
拇,713
薄,721
颁,718
总,716
谚,713
艺,715
恤,717
铬,716
马,717
梳,719
箱,715
臼,719
报,719
腾,706
块,717
遁,716
嘲,719
勘,715
哦,717
痪,715
饼,716
抬,715
频,712
幽,716
誓,716
搏,714
傅,715
磊,716
科,719
思,715
持,719
横,710
秒,706
挡,715
篮,715
聊,714
蚤,718
堰,716
种,715
寨,711
川,709
止,714
舌,714
痈,714
词,719
婴,718
脊,713
娠,711
氏,718
明,716
珊,715
闹,712
畦,717
岔,709
陡,715
凭,716
铁,716
薛,714
奶,716
辩,712
偶,716
父,715
渝,718
蟹,711
梗,715
蛹,719
粉,717
册,719
饺,715
榴,715
瓦,714
喇,717
玉,716
凯,712
赫,715
著,716
救,712
抹,716
赂,717
交,717
怎,715
贾,716
类,717
捐,709
淄,716
骑,716
万,716
肋,712
借,718
挞,714
盗,716
寇,713
苑,718
僻,716
刃,716
宾,717
共,716
窝,713
雾,715
雁,712
沫,716
伍,712
迷,716
顾,717
痞,716
夏,715
今,717
灼,717
险,715
宁,716
热,718
纬,716
惮,715
椰,716
锰,714
钻,716
钓,713
植,714
怖,718
危,716
骚,717
匆,717
医,716
胡,714
失,716
硕,717
贺,714
码,715
婚,716
褐,717
陛,716
手,717
蔡,716
杠,712
作,717
阮,718
爹,711
宴,714
狞,715
兼,712
拄,709
老,711
图,715
朴,719
俩,716
舆,713
昆,717
枉,718
沽,717
铂,716
拒,718
穆,711
青,719
旭,715
洱,715
揩,717
纸,716
柞,299
耙,714
梯,711
润,720
役,717
刻,717
闸,711
卸,712
日,717
柬,713
迢,715
嘉,714
扦,715
喜,715
渴,716
唆,713
杉,714
搞,713
捉,718
喊,717
师,717
畴,715
簇,717
鬃,713
筹,716
乒,693
能,717
彩,716
审,717
夸,718
蛋,716
湾,718
翠,713
将,714
爆,717
腮,719
妹,714
醉,716
店,714
径,714
懒,711
摔,715
填,712
睡,716
沙,719
俘,716
佯,713
她,715
幅,715
条,715
脚,717
谐,716
捆,714
毛,718
茅,712
萝,718
竖,715
拣,710
影,719
悯,715
月,720
诛,716
笼,716
想,719
秉,718
蹦,716
腰,716
匿,710
汝,717
件,713
寥,709
层,718
莆,717
走,715
眨,711
假,716
渐,716
揭,716
墅,713
囤,713
行,717
袁,716
肠,718
巩,715
问,718
勇,715
泵,716
完,718
模,716
汪,714
根,717
家,715
停,717
宛,717
瓤,719
街,715
艇,715
食,719
烷,716
葱,717
响,719
龄,715
讼,710
途,714
痒,717
酬,716
奎,719
肖,715
掖,712
喻,718
淮,716
雄,715
寐,710
肾,715
责,715
筷,715
煌,717
俄,711
稍,719
霜,717
厉,716
戎,714
熬,715
辣,716
垛,713
蔷,716
餐,718
岭,711
滴,716
睹,716
真,718
额,715
哪,716
斡,714
帜,714
有,718
篱,717
呆,715
被,717
带,715
啪,718
抠,717
教,717
台,715
裕,718
滦,712
北,715
锅,716
再,718
浴,718
右,718
逝,719
挟,717
庚,717
嚣,712
禁,716
卵,716
傈,299
颤,715
精,718
开,718
争,716
勤,718
管,717
拯,707
披,715
弹,713
率,715
版,717
窘,718
爷,713
峙,711
蝴,716
尾,714
厕,718
心,714
辨,714
伴,717
抡,708
都,716
送,713
蛊,714
旁,714
吕,715
捕,713
虐,709
陇,714
侯,717
墟,718
绳,715
坦,715
勺,718
邵,717
门,717
悟,717
奠,712
锄,718
驳,717
昼,715
泄,715
究,716
逞,717
型,718
罩,713
拷,715
湖,716
扭,716
挪,717
贷,715
轿,714
贪,711
贿,715
鳞,715
章,715
沦,714
慈,712
兜,715
骡,717
盈,717
汰,712
抢,715
垒,713
婪,717
涂,714
谤,714
煮,715
瘁,714
骤,714
裸,708
硫,716
忿,714
挤,718
矿,717
漂,717
郭,716
账,718
蜘,717
刽,714
呢,715
庸,712
兑,709
膛,714
连,717
唾,713
狈,716
残,715
酶,716
蒜,712
陋,714
洼,715
炯,709
盏,720
舀,718
渔,718
道,716
懈,715
颂,714
歼,714
癸,710
遮,714
概,719
烫,704
莽,717
嫉,714
航,717
鹤,713
妓,717
棒,713
阐,718
茬,710
矾,714
榆,717
启,717
朱,717
魔,717
凶,716
饥,716
绦,709
嗣,712
季,714
床,718
滞,715
盆,714
玲,714
啼,705
涡,712
沤,714
辑,716
狗,717
通,717
慌,715
捅,715
庄,717
耽,713
限,716
熏,712
梦,716
圣,716
兵,718
爱,715
械,715
腔,714
庞,706
糊,718
制,714
蕴,718
庙,716
牟,713
野,713
坍,712
虫,719
拭,716
缴,717
妖,709
基,712
肥,715
使,716
也,718
组,717
帛,717
裂,715
义,715
磷,715
棍,714
框,716
幌,716
搐,716
奉,715
讣,716
悼,712
香,715
诸,717
祝,715
揉,715
轴,718
塘,716
靠,715
氮,714
卜,719
依,717
遂,707
鞠,715
挥,715
丽,715
逮,712
履,714
蜗,716
曹,717
郝,717
疗,712
谋,714
皂,716
傣,715
赠,713
枪,718
捣,716
喧,715
酉,715
节,716
熄,717
前,716
瞄,711
公,716
讽,715
巾,719
样,693
联,713
约,717
辕,718
窜,714
迄,714
瓜,714
迪,715
柳,716
筋,716
治,714
斑,716
护,718
籍,716
下,719
壁,720
哨,718
恃,718
蜕,712
识,716
购,717
见,715
宰,715
查,719
融,714
苗,711
偏,717
劫,712
求,719
霓,715
杭,713
韩,712
硼,719
先,718
滔,713
衬,715
漱,710
君,717
鹰,715
虞,718
钞,714
理,716
迅,714
靛,711
哆,715
复,713
毒,716
辆,716
胸,716
藻,717
业,718
雅,714
矩,716
厨,718
滁,717
夺,715
倾,719
魁,717
澡,717
铲,719
怯,717
瑟,718
球,719
仇,713
鞘,717
书,716
孪,714
盾,716
熔,718
状,718
韭,716
凹,713
蛇,716
耀,718
互,718
彦,710
辅,709
饰,716
霉,714
冶,706
洗,719
抓,713
徐,717
狐,711
夜,718
弓,716
乡,714
孟,717
驶,716
猴,717
午,717
张,720
蕊,716
冤,714
痉,716
效,713
崎,718
袒,711
勋,714
室,718
耗,718
崩,717
睦,713
蝎,714
隅,715
丝,714
堤,704
贯,716
屏,716
搔,717
埂,717
接,716
读,713
曲,717
兰,715
撑,718
恒,717
维,717
鹊,717
入,714
镀,712
拽,699
幸,715
牌,718
记,715
营,717
锌,714
茂,714
谷,714
兽,708
意,716
没,716
祸,715
妮,717
猩,716
蛮,717
南,717
刑,717
掀,718
写,717
键,714
秤,715
纵,712
醋,716
劈,716
诺,716
厂,715
坡,718
雕,714
碍,711
叁,710
饿,714
值,717
茄,716
憎,709
猛,715
酝,720
珠,716
拉,718
专,716
迸,716
位,716
蛛,717
郸,716
其,718
咽,714
汞,718
碱,716
离,719
墙,717
刁,705
斟,719
窗,716
晚,716
困,716
感,717
拍,718
窥,715
诉,715
矣,715
礁,716
劳,714
庶,713
孜,714
某,717
晦,716
颊,716
绿,715
膘,715
堑,713
躇,716
遣,715
旬,717
绩,713
拐,716
蜡,718
驴,715
睫,719
七,717
滑,717
嗅,714
虑,716
撰,715
唉,714
殊,717
奴,715
姨,715
疯,714
咯,718
显,719
蜀,717
沧,716
抿,711
挺,716
讹,716
歌,715
萧,712
盛,717
秆,714
禹,717
彝,705
汉,715
棕,718
仪,713
岛,714
卉,708
钮,716
哈,713
园,718
竞,713
佛,713
暇,713
虹,717
冕,711
介,716
飘,715
扯,716
满,715
乏,714
掸,716
短,709
菜,716
是,719
长,718
彪,713
搬,714
汗,713
拌,717
聚,717
当,717
笛,713
伪,718
骨,714
胁,714
藕,713
宜,713
春,718
爸,713
蚌,708
麻,714
创,718
弧,716
费,718
楼,713
摘,716
肢,718
堕,715
痊,716
执,716
仆,716
鲜,717
愁,718
箩,714
供,718
砖,717
灵,714
姚,717
梢,716
孕,716
纷,715
期,718
此,716
硅,714
不,719
客,717
存,715
粳,299
叮,716
实,719
沼,717
俞,717
链,713
汽,718
瘴,718
拴,714
娩,713
磕,713
现,714
椭,713
暂,719
欢,716
裳,716
商,717
宠,719
磋,709
澜,715
驻,716
疑,714
略,717
号,716
岗,718
钝,717
粥,709
和,717
颈,715
矢,719
拢,709
囚,711
舟,717
置,715
芥,716
赋,715
尔,717
耳,715
撒,719
厅,710
饭,715
朽,713
趟,712
确,719
隙,714
及,717
宿,714
粪,714
凉,714
锁,712
莲,712
督,715
初,719
撮,712
耻,717
葬,714
呵,713
藤,706
磺,715
楷,719
熙,713
林,717
砚,714
侈,706
嗜,714
往,714
渣,716
骋,715
脾,716
权,720
名,716
痕,718
悲,717
做,719
何,717
俐,711
曾,715
犊,710
渡,713
眉,716
拎,713
诲,715
善,718
喘,714
捍,717
几,718
衷,717
煤,717
屁,715
敌,716
陀,712
肉,717
绎,713
筒,715
戊,717
氟,713
嘱,717
累,714
友,717
军,719
操,718
怂,712
着,714
太,713
丫,715
槐,716
赚,715
循,713
村,712
净,716
担,715
苟,718
牵,717
纲,717
切,718
旅,708
适,719
澄,718
压,716
越,719
修,717
罕,714
政,718
耸,716
嫩,712
蛔,718
负,715
萌,714
两,715
娱,716
祁,716
免,714
迫,713
错,716
库,716
疽,717
栓,716
煎,713
纽,714
准,718
拜,712
秦,717
奄,716
江,715
辫,711
哀,716
阀,714
贵,716
咕,718
扔,709
驹,718
膜,715
冯,718
琵,714
烃,298
士,719
束,716
剿,717
虚,716
套,711
呸,713
扇,717
蹋,709
闷,710
挠,708
李,717
亦,716
势,716
壬,716
骆,716
搭,713
另,716
缨,714
敲,717
脐,714
虱,709
四,710
死,715
瞩,715
炊,716
纳,715
湃,715
术,715
激,714
系,717
星,714
握,715
仟,712
楚,718
面,714
羡,717
雌,707
焊,717
槽,712
逻,715
补,716
灯,717
挎,718
男,717
篆,716
校,715
拘,717
咒,716
僧,715
蝗,715
裤,717
馆,718
吊,715
丘,715
碟,710
挂,717
桑,715
梭,712
伶,714
韦,718
辽,717
岂,712
掌,714
租,716
狮,718
唇,718
饶,718
经,718
抖,715
萎,714
处,717
周,715
国,717
光,718
好,715
娜,718
娥,716
裁,718
骸,715
脯,716
鞍,715
淬,714
三,716
拂,715
鹏,718
糙,714
央,716
贤,719
叼,704
稻,716
届,713
厚,716
踩,715
潭,709
扑,715
夹,716
卒,716
蓉,717
胚,715
旨,714
涧,713
铰,715
摧,717
枢,718
蒸,714
纪,715
路,716
举,716
比,719
躲,706
叭,713
运,714
全,718
听,714
每,714
颓,716
魏,718
掩,717
轻,717
斋,718
瘦,719
而,717
嚼,713
烙,713
嫁,711
屈,717
西,715
形,716
敝,719
塞,719
葵,714
森,718
粟,715
属,714
沁,696
誊,708
吮,715
丹,711
妻,716
窄,715
撞,712
仓,718
恕,708
佳,715
烦,716
颧,716
齐,719
休,707
呀,718
俱,719
锑,712
武,716
埠,709
佑,718
彻,716
抚,717
隐,714
掏,713
收,718
弟,715
美,711
致,716
棵,717
尺,713
姆,716
锦,720
烂,715
印,718
蛾,717
喷,715
耍,707
捧,712
仑,714
滨,713
歇,716
简,716
诞,709
乾,717
镰,713
击,718
诀,717
戚,716
坯,714
鼓,714
镐,712
气,719
体,716
临,716
例,717
锈,717
钾,712
集,716
构,716
尿,716
济,720
秩,711
锥,716
社,716
眷,716
膨,715
页,715
物,713
痛,716
至,715
袍,715
旷,716
胖,718
逆,715
晰,714
鹃,718
舵,714
抗,719
悬,718
卞,708
亿,716
琶,716
沂,715
点,714
徽,706
襄,718
霸,714
禽,718
彤,713
唤,716
剧,716
淖,712
帖,717
恬,714
塑,713
潜,718
铆,717
酸,714
耘,716
神,719
计,717
羚,717
羌,714
透,713
普,717
柑,715
那,718
醛,300
涨,716
片,716
容,717
枚,715
谬,715
叉,718
狭,717
剑,713
肺,714
哩,716
育,719
侍,713
窿,709
歪,712
拥,718
渊,719
歉,713
蓝,715
愧,716
狸,716
该,716
晨,715
品,715
近,715
屎,715
杖,713
货,711
茫,717
淘,711
啦,717
弘,716
鼎,716
牙,718
港,715
找,717
逗,715
勿,719
瓢,713
叹,711
朔,714
福,714
颅,717
娟,715
踌,718
屋,713
侧,718
料,716
难,718
盒,716
傲,715
庇,713
钟,717
茶,711
茁,716
控,718
碗,717
抽,716
杜,716
境,717
憾,710
敏,714
蠢,715
告,716
褪,714
达,715
敷,693
锐,717
涤,716
帚,717
最,715
鸣,716
荧,716
绒,714
趣,718
缠,716
忧,705
戒,716
土,716
穿,716
鲁,716
伯,718
纂,708
蝇,714
预,716
烛,709
堪,718
墩,714
猪,715
筑,715
络,715
算,713
殖,718
陶,708
颗,713
嘶,716
妥,701
浚,714
对,713
笺,713
篷,714
郡,713
雹,715
角,718
尘,714
抛,717
硒,296
瘤,715
炮,716
滚,713
努,719
尧,715
待,715
叠,714
疲,718
裙,718
紫,713
潘,716
游,717
锚,714
贮,715
丛,715
肿,716
疾,718
殃,716
冠,716
泣,716
询,717
各,719
烤,713
承,716
齿,717
沈,705
枝,718
庆,719
贫,715
御,716
海,718
蔬,715
膏,714
矛,713
余,717
蔑,713
肛,717
规,717
揣,716
尼,715
铃,715
登,721
啮,710
漳,717
昌,717
溶,716
转,716
端,718
始,715
漫,714
弃,717
妄,714
克,717
狠,715
细,718
浙,703
衙,716
嫡,712
钨,716
薪,715
府,717
追,715
桃,711
礼,714
疵,712
聋,714
顺,712
忠,711
乞,712
败,716
腐,717
媒,711
卢,715
窃,718
雀,717
范,716
锨,717
氖,716
挫,716
哟,711
坷,717
仗,717
啥,716
璃,714
定,714
仔,715
邮,718
嚎,714
半,715
佐,714
芯,715
欧,717
签,714
坞,713
窟,716
毫,701
房,717
攫,714
尽,718
孰,709
衔,699
改,717
莱,714
网,718
装,716
逢,716
恿,713
溜,716
诽,715
怔,714
翻,717
粮,709
捷,716
挝,715
宅,717
犬,715
立,716
罗,715
票,715
淆,697
衍,706
贞,719
编,715
泌,715
沮,715
但,716
质,714
塔,710
茵,709
头,716
攒,718
优,717
涛,714
喉,713
鬼,718
秘,718
浊,718
忌,715
氛,717
潦,715
丧,713
良,716
牲,712
捂,713
钳,718
窍,712
刺,719
安,717
铱,716
胃,716
羹,712
膝,711
金,716
腿,717
诱,718
群,717
柴,713
嘘,716
砂,719
剃,714
圭,715
赐,708
濒,716
契,718
寡,714
柠,709
什,714
沉,715
侮,714
度,715
簿,712
钉,715
生,716
加,717
讲,717
六,709
吃,717
嫌,714
厄,713
淡,714
阜,713
遭,715
粹,715
奖,712
忙,717
智,715
疚,719
樱,718
蔽,717
顿,716
畏,712
翔,718
锯,718
溃,717
罐,718
由,716
玄,715
液,715
鸡,716
河,716
缩,713
圾,714
紧,715
贱,715
哲,712
蚁,717
慑,713
弊,718
肄,715
暖,713
伸,716
皿,713
莹,719
伐,711
康,716
瞳,714
刊,711
栖,716
铣,717
馈,718
笆,712
伎,711
党,716
砸,719
蚀,719
誉,719
羊,716
碘,715
桐,717
遥,716
诊,715
第,712
院,716
邀,716
吭,713
涕,712
靶,717
鸯,714
协,710
搓,716
惭,718
澈,714
爽,715
炎,717
丰,714
浓,717
射,718
耐,717
祷,714
标,716
靴,712
录,714
跌,712
碎,713
哥,713
顷,715
撩,715
柔,719
酱,715
泡,716
况,718
扎,714
垃,685
辞,704
胞,717
莎,719
臀,713
赢,715
懂,716
茹,714
庐,715
员,719
估,717
饱,718
说,715
酵,715
律,716
溯,700
岸,715
荔,717
剖,709
搜,716
渭,715
蓬,716
盯,717
导,714
辈,717
镶,715
惫,712
廷,714
酥,714
秧,715
反,717
坐,718
距,719
令,714
鲸,718
绘,712
衫,712
肃,713
兄,717
详,717
甸,713
谍,713
岁,714
描,716
且,716
据,720
钵,716
犀,714
援,715
差,713
柒,718
肚,717
啡,717
凡,714
静,717
椅,716
勉,716
殆,713
造,713
攻,713
螺,716
邑,714
劲,718
鄂,714
迟,716
呼,711
芝,715
般,717
匠,715
竣,715
硷,298
惟,713
蕉,716
量,712
议,715
帅,695
骇,716
内,715
砧,718
碉,716
汇,716
惜,715
招,716
事,715
椒,717
擅,718
汐,716
匀,718
付,716
隆,715
霄,718
晓,717
捎,719
祭,714
菠,718
悸,714
猿,718
扁,716
葛,715
向,716
穷,715
山,718
虏,716
凰,717
边,718
琅,714
兴,715
空,717
颖,712
躺,704
橙,716
稀,716
慷,713
可,719
谴,715
嘴,706
吨,714
骏,719
僳,297
蔚,715
助,716
升,718
敛,715
法,715
儒,719
析,715
姬,715
地,715
鲤,717
卿,718
凳,708
臻,718
黑,718
彭,716
肯,716
排,718
亏,716
随,714
童,716
缕,714
华,717
玖,716
奥,714
提,716
线,715
间,715
幕,713
苇,713
狼,716
谓,718
蛰,718
破,716
倒,717
驮,706
啤,709
申,719
踞,714
啸,718
诚,718
皖,714
曝,717
苫,716
葫,719
苹,714
革,716
赞,716
孵,710
卓,714
本,719
平,718
烯,718
鉴,708
州,715
害,718
凿,713
龋,715
橇,714
绪,717
震,714
凛,710
晃,716
较,713
涸,715
仰,713
妒,715
轧,714
眼,714
汹,714
莫,715
兹,713
非,714
年,717
貉,715
赶,716
岿,716
遇,717
纶,713
娘,716
帕,718
崇,717
蹭,713
币,718
监,716
爬,715
冀,716
课,717
答,716
德,714
退,713
志,717
赵,716
樊,714
板,715
洞,712
炔,717
佃,708
铡,714
泳,713
羽,715
嚏,713
方,713
苍,710
培,713
惺,717
眩,714
碳,711
误,718
二,718
者,719
纠,716
恢,716
俭,713
嘎,713
阂,715
帧,716
愈,721
然,716
乎,717
恫,712
媚,716
健,711
钩,714
像,716
统,712
触,713
绞,708
鸿,715
绝,716
论,718
汾,717
闻,715
嗡,718
萤,719
姻,716
朗,715
鸳,714
毁,715
淹,714
凄,715
桨,712
您,717
幼,715
靳,715
涪,711
匣,716
称,717
甚,717
壶,718
苛,717
漆,715
佬,710
掇,712
摹,712
擞,714
益,716
整,716
腥,717
来,717
奔,715
魄,714
帝,715
损,711
渠,717
雪,717
吵,716
覆,716
牛,718
励,719
市,718
大,720
萨,719
咱,719
仍,716
参,717
扳,717
桓,712
埃,712
饯,714
峡,714
攘,717
绰,709
孙,703
斗,714
炳,715
皋,709
汛,713
认,717
暑,717
时,718
猖,714
痹,715
演,712
蘸,712
删,716
嵌,712
稳,714
胜,718
慰,717
象,717
储,716
咙,716
乙,713
彬,717
延,714
伤,715
利,717
过,716
楔,717
单,714
咀,717
瑞,718
批,716
极,713
弗,713
谗,713
企,717
匙,716
胀,716
浑,716
快,720
洲,714
捏,714
产,715
赦,710
绍,717
涉,717
桂,716
决,717
燃,713
朵,715
氯,713
绚,714
诈,714
鄙,717
亨,687
斜,716
涯,713
字,712
磁,714
犹,716
褥,716
炬,714
涝,713
捞,716
屿,718
楞,715
沿,713
桶,714
惯,716
呐,717
琳,717
跑,714
魂,715
只,714
纤,712
邪,715
典,709
梆,714
扛,716
跳,716
变,718
泊,715
习,717
务,714
惧,709
促,716
结,716
早,717
卖,713
咎,718
亩,713
喳,718
哭,698
佩,717
贼,714
活,716
弱,716
际,715
裴,715
综,718
同,715
察,714
搁,715
烧,719
罢,715
缸,709
噶,717
故,716
狄,703
冻,711
寂,715
籽,713
授,716
甘,719
卷,715
瓮,709
谱,716
巳,717
捡,713
锗,301
碰,711
聪,718
画,715
姥,711
欲,716
婆,716
设,715
拓,712
旗,717
让,711
封,714
驼,717
瞧,715
览,717
迎,718
灿,717
视,716
袱,715
索,712
们,713
腊,716
叶,716
进,712
簧,714
陵,717
的,716
臂,718
隶,713
酚,717
硬,718
倍,713
绥,710
次,718
崔,716
冒,716
卡,717
吸,717
慎,716
雷,717
畅,716
钧,717
等,714
语,717
裔,716
零,709
祟,696
占,720
酌,713
榔,716
葡,714
竿,715
狱,717
敞,710
暴,716
丢,714
倔,717
疮,715
豁,716
胰,713
旺,718
卫,716
镇,719
瘫,712
局,718
请,714
任,721
尖,713
芍,717
粗,719
鸵,705
刘,711
泞,714
巧,713
舜,716
髓,713
悦,719
才,717
漓,715
摩,717
帆,716
俗,713
乳,717
馒,716
研,715
异,714
陪,716
亲,716
重,712
讶,715
衅,716
锤,716
淀,715
浆,714
曳,708
仁,714
圆,718
跨,718
办,718
嗓,717
乔,717
洁,717
潮,716
棋,718
豪,717
宪,718
肤,715
寞,713
螟,709
藉,717
豢,715
袋,710
傍,715
姓,715
偿,715
镜,713
饲,715
车,718
风,717
咋,711
深,719
赏,718
黎,717
侥,712
除,718
草,719
铭,709
溪,712
吾,716
宣,715
训,717
淋,717
晋,716
讯,711
啄,715
汕,716
弥,718
微,713
膊,717
母,715
儿,717
栽,714
淑,712
哮,712
抒,713
脆,717
翘,713
幻,678
兔,713
轰,716
匝,719
券,718
堵,717
蹈,715
霹,715
枣,718
妆,711
骗,714
充,715
腹,716
厌,716
催,714
玩,715
族,710
身,718
渺,716
琉,715
晤,713
在,719
辙,716
懊,710
滩,712
昭,713
瞥,712
黄,715
溢,717
菩,716
派,712
氧,715
谈,714
柏,713
僵,715
驱,719
钢,718
喂,715
涟,716
郧,718
拼,715
欺,716
诡,714
霍,715
雇,717
足,718
藐,712
堆,715
拟,716
馅,715
絮,714
缆,715
怪,713
树,714
酋,716
湛,713
稚,711
疟,711
炕,719
帐,714
或,715
梁,711
涣,715
性,712
玻,716
恶,716
锡,718
宇,718
瑚,717
呜,711
忘,715
受,717
凝,717
婶,718
煞,715
项,712
吏,718
拦,711
与,718
薯,716
测,717
颠,716
禄,715
够,718
惕,710
驰,716
棘,716
榨,710
丸,716
许,716
哇,714
愿,717
奢,715
掘,716
验,714
投,716
谣,710
咳,714
臭,716
些,710
扬,717
核,718
债,715
峨,716
炒,715
阶,715
欠,719
揍,713
凸,714
伺,710
浦,718
痘,714
函,718
顶,715
访,713
逃,712
乐,715
伏,717
帘,713
吻,719
蓑,711
揽,715
指,719
涎,708
你,714
娄,714
瘩,711
阎,712
混,716
糖,713
鲍,719
蕾,704
器,722
驭,715
宽,717
落,717
座,716
唱,716
祈,713
厩,718
擦,715
流,717
肆,716
羞,717
笔,718
宝,718
秀,718
屡,714
傻,710
宵,714
莉,715
亢,716
栅,717
瘪,712
秸,716
竹,715
峻,710
鸽,716
贩,716
逼,718
银,712
婉,718
溺,714
久,719
皑,713
部,719
豌,714
跋,713
撤,717
狂,717
寒,718
糕,712
昧,713
丁,711
界,717
揖,716
艰,714
孺,714
翼,714
胆,716
虽,712
埔,717
扰,713
栈,717
刷,716
苦,718
盅,709
咆,712
需,717
鸭,711
纺,712
历,718
应,718
腆,715
希,718
桔,715
讨,709
伊,713
姿,713
既,717
酣,716
吴,718
绵,715
怒,709
哗,716
笑,718
谊,715
募,715
橱,716
黍,715
俊,712
史,717
疡,711
消,717
亥,712
蚊,715
赘,716
拳,718
